fwdfld[mT],fwdM[Am2],fwdM[arb],revfld[mT],revM[Am2],revM[arb]
-19.825090264114607,-8.0139797054332e-9,-1.,-19.825090264114607,-8.0139797054332e-9,-1.
-19.725090264114606,-8.017398072263077e-9,-1.0004265504724899,-19.725090264114606,-7.99208690660822e-9,-0.9972681739123774
-19.625090264114608,-8.020139372493915e-9,-1.0007686152557311,-19.625090264114608,-7.970534633701373e-9,-0.9945788393122118
-19.525090264114606,-8.02227516776028e-9,-1.0010351239498967,-19.525090264114606,-7.94928095697731e-9,-0.991926764125441
-19.42509026411461,-8.023872882499085e-9,-1.0012344899075771,-19.42509026411461,-7.928285588880277e-9,-0.9893069211923726
-19.325090264114607,-8.02499580394961e-9,-1.001374610233782,-19.325090264114607,-7.907509884034117e-9,-0.9867144882676829
-19.225090264114606,-8.025703082153484e-9,-1.0014628657859386,-19.225090264114606,-7.886916839242272e-9,-0.9841448480204181
-19.125090264114608,-8.026049729954701e-9,-1.001506121173893,-19.125090264114608,-7.866471093487778e-9,-0.9815935880339931
-19.025090264114606,-8.026086622999608e-9,-1.001510724759909,-19.025090264114606,-7.846138927933263e-9,-0.9790565008061916
-18.92509026411461,-8.025860499736907e-9,-1.0014825086586696,-18.92509026411461,-7.825888265920955e-9,-0.9765295837491671
-18.825090264114607,-8.025413961417663e-9,-1.001426788737275,-18.825090264114607,-7.80568867297268e-9,-0.9740090391894421
-18.725090264114606,-8.024785999657144e-9,-1.0013484304454399,-18.725090264114606,-7.785511356789856e-9,-0.9714912743679086
-18.625090264114608,-8.024013137479344e-9,-1.0012519911972502,-18.625090264114608,-7.765329167253499e-9,-0.9689729014398272
-18.525090264114606,-8.023125517253995e-9,-1.0011412322163225,-18.525090264114606,-7.745116596424219e-9,-0.9664507374748278
-18.42509026411461,-8.022148471982188e-9,-1.0010193146038853,-18.42509026411461,-7.724849778542227e-9,-0.9639218044569101
-18.325090264114607,-8.021102768213065e-9,-1.0008888296503964,-18.325090264114607,-7.704506490027324e-9,-0.9613833292844421
-18.225090264114606,-8.020004606043788e-9,-1.0007517988355403,-18.225090264114606,-7.68406614947891e-9,-0.9588327437701618
-18.125090264114608,-8.018865619119579e-9,-1.0006096738282313,-18.125090264114608,-7.66350981767598e-9,-0.956267684641176
-18.025090264114606,-8.01768766806732e-9,-1.0004626868011166,-18.025090264114606,-7.642820197577127e-9,-0.9536859935389604
-17.92509026411461,-8.016441148621174e-9,-1.0003071436762319,-17.92509026411461,-7.621981634320539e-9,-0.9510857170193605
-17.825090264114607,-8.015121092026353e-9,-1.0001424244426746,-17.825090264114607,-7.600980115224e-9,-0.9484651065525906
-17.725090264114606,-8.013727791264522e-9,-0.9999685656592682,-17.725090264114606,-7.57980326978489e-9,-0.9458226185232346
-17.625090264114608,-8.01226132751644e-9,-0.9997855774559057,-17.625090264114608,-7.558440369680183e-9,-0.9431569142302447
-17.525090264114606,-8.010721570161951e-9,-0.9995934435335492,-17.525090264114606,-7.536882328766454e-9,-0.9404668598869435
-17.42509026411461,-8.009108176779974e-9,-0.9993921211642296,-17.42509026411461,-7.515121703079867e-9,-0.9377515266210215
-17.325090264114607,-8.007420593148524e-9,-0.9991815411910477,-17.325090264114607,-7.49315269083619e-9,-0.9350101904745395
-17.225090264114606,-8.005658011120693e-9,-0.9989616027718582,-17.225090264114606,-7.470971132430782e-9,-0.932242332403927
-17.125090264114608,-8.003817852942338e-9,-0.9987319842494768,-17.125090264114608,-7.4485745104385985e-9,-0.9294476382799826
-17.025090264114606,-8.001898181809139e-9,-0.9984924439456877,-17.025090264114606,-7.425963359744974e-9,-0.9266261748467405
-16.92509026411461,-7.999897840063602e-9,-0.9982428374057335,-16.92509026411461,-7.40316474412305e-9,-0.9237813191745371
-16.825090264114607,-7.997815645478323e-9,-0.9979830171089753,-16.825090264114607,-7.380189809207782e-9,-0.9209144620374157
-16.725090264114606,-7.995650391255967e-9,-0.997712832468891,-16.725090264114606,-7.3570388157660915e-9,-0.9180256359743805
-16.625090264114608,-7.993400846029292e-9,-0.9974321298330769,-16.625090264114608,-7.333710948941459e-9,-0.9151147393060476
-16.525090264114606,-7.99106575386113e-9,-0.997140752483247,-16.525090264114606,-7.31020431825393e-9,-0.9121815361346455
-16.42509026411461,-7.9886438342444e-9,-0.9968385406352324,-16.42509026411461,-7.286515957600118e-9,-0.9092256563440151
-16.325090264114607,-7.986133782102102e-9,-0.9965253314389829,-16.325090264114607,-7.262641825253199e-9,-0.9062465955996095
-16.225090264114606,-7.983534564574231e-9,-0.996200996012215,-16.225090264114606,-7.238576803862916e-9,-0.9032437153484943
-16.125090264114608,-7.980845599123902e-9,-0.9958654616648412,-16.125090264114608,-7.214314700455577e-9,-0.9002162428193475
-16.025090264114606,-7.978065489790897e-9,-0.995518554206226,-16.025090264114606,-7.18984453837491e-9,-0.8971628083236154
-15.925090264114607,-7.975192707974708e-9,-0.9951600828946203,-15.925090264114607,-7.165141743069768e-9,-0.8940803454009312
-15.825090264114607,-7.972225633399316e-9,-0.9947898455488255,-15.825090264114607,-7.140195891314539e-9,-0.890967553420897
-15.725090264114606,-7.969162554113175e-9,-0.994407628548193,-15.725090264114606,-7.114998659183929e-9,-0.8878233937078985
-15.625090264114608,-7.966001666489235e-9,-0.9940132068326254,-15.625090264114608,-7.089541906995824e-9,-0.8846468505765445
-15.525090264114606,-7.962741075224922e-9,-0.9936063439025755,-15.525090264114606,-7.063817679311284e-9,-0.8814369313316655
-15.425090264114607,-7.959378793342151e-9,-0.9931867918190469,-15.425090264114607,-7.037818204934552e-9,-0.8781926662683156
-15.325090264114607,-7.955912742187319e-9,-0.9927542912035934,-15.325090264114607,-7.011535896913043e-9,-0.8749131086717709
-15.225090264114606,-7.952340551585982e-9,-0.9923085463012306,-15.225090264114606,-6.984963352537351e-9,-0.87159733481753
-15.125090264114608,-7.948652378052958e-9,-0.9918483288227006,-15.125090264114608,-6.95809335334125e-9,-0.8682444439713147
-15.025090264114606,-7.944842231665417e-9,-0.9913728913337639,-15.025090264114606,-6.930918865101684e-9,-0.8648535583890687
-14.925090264114607,-7.940908438440336e-9,-0.9908820249515574,-14.925090264114607,-6.90343120292554e-9,-0.8614235943529097
-14.825090264114607,-7.936849805626139e-9,-0.9903755808422162,-14.825090264114607,-6.875620164860966e-9,-0.8579532788434109
-14.725090264114606,-7.932665621702723e-9,-0.9898534702208756,-14.725090264114606,-6.847479432486016e-9,-0.8544418234355725
-14.625090264114608,-7.928355656381444e-9,-0.9893156643516696,-14.625090264114608,-6.819003225228735e-9,-0.8508885068183648
-14.525090264114606,-7.923920160605116e-9,-0.9887621945477318,-14.525090264114606,-6.790186207381592e-9,-0.8472926631918073
-14.425090264114607,-7.919359866548017e-9,-0.9881931521711947,-14.425090264114607,-6.761023488101487e-9,-0.84365368226697
-14.325090264114607,-7.914675987615886e-9,-0.9876086886331906,-14.325090264114607,-6.731510621409749e-9,-0.8399710092659729
-14.225090264114606,-7.909870218445924e-9,-0.9870090153938507,-14.225090264114606,-6.701643606192136e-9,-0.8362441449219861
-14.125090264114608,-7.904944734906793e-9,-0.9863944039623054,-14.125090264114608,-6.671418886198833e-9,-0.8324726454792296
-14.025090264114606,-7.899903303743618e-9,-0.9857653243603497,-14.025090264114606,-6.640833350044453e-9,-0.8286561226929734
-13.925090264114607,-7.894753203956002e-9,-0.9851226848757346,-13.925090264114607,-6.609884331208039e-9,-0.8247942438295379
-13.825090264114607,-7.889498260744143e-9,-0.9844669628243925,-13.825090264114607,-6.5785696067405135e-9,-0.8208867315050064
-13.725090264114606,-7.884142148459477e-9,-0.9837986166990543,-13.725090264114606,-6.546886840071391e-9,-0.8169332941575618
-13.625090264114608,-7.878688787374965e-9,-0.9831181356790168,-13.625090264114608,-6.5148342518882276e-9,-0.812933709761131
-13.525090264114606,-7.873142343685062e-9,-0.982426039630141,-13.525090264114606,-6.482411006144881e-9,-0.8088878739922477
-13.425090264114607,-7.86750722950574e-9,-0.9817228791048528,-13.425090264114607,-6.44961675270637e-9,-0.8047957431603867
-13.325090264114607,-7.86178810287448e-9,-0.9810092353421436,-13.325090264114607,-6.4164516273488825e-9,-0.8006573342079655
-13.225090264114606,-7.855989867750269e-9,-0.9802857202675695,-13.225090264114606,-6.382916251759768e-9,-0.7964727247103424
-13.125090264114608,-7.850117674013607e-9,-0.9795529764932521,-13.125090264114608,-6.3490117335375465e-9,-0.7922420528758186
-13.025090264114606,-7.844176917466497e-9,-0.978811677317877,-13.025090264114606,-6.314739666191895e-9,-0.787965517545636
-12.925090264114607,-7.838173239832455e-9,-0.9780625267266956,-12.925090264114607,-6.280102129143664e-9,-0.7836433781939793
-12.825090264114607,-7.832112763711957e-9,-0.9773062887097226,-12.825090264114607,-6.2451016877248655e-9,-0.7792759549279746
-12.725090264114606,-7.826019634836028e-9,-0.9765459762183148,-12.725090264114606,-6.209741393178674e-9,-0.7748636284876894
-12.625090264114608,-7.819911080804574e-9,-0.9757837389459503,-12.625090264114608,-6.174024782659435e-9,-0.7704068402461339
-12.525090264114606,-7.813792304596677e-9,-0.9750202261304951,-12.525090264114606,-6.137957775587573e-9,-0.7659063288401206
-12.425090264114607,-7.807667694237421e-9,-0.9742559853182674,-12.425090264114607,-6.101565950121485e-9,-0.7613652859620839
-12.325090264114607,-7.80154082279788e-9,-0.9734914623640369,-12.325090264114607,-6.064859561062875e-9,-0.7567849912261583
-12.225090264114606,-7.795414448395116e-9,-0.9727270014310239,-12.225090264114606,-6.027842491651299e-9,-0.7521659291905407
-12.125090264114608,-7.789290514192195e-9,-0.9719628449909009,-12.125090264114608,-5.990518101939077e-9,-0.7475085191291055
-12.025090264114606,-7.783170148398168e-9,-0.9711991338237914,-12.025090264114606,-5.952889228791295e-9,-0.7428131150314048
-11.925090264114607,-7.777053664268077e-9,-0.9704359070182702,-11.925090264114607,-5.9149581858858075e-9,-0.7380800056026684
-11.825090264114607,-7.77094056010297e-9,-0.9696731019713641,-11.825090264114607,-5.876726763713231e-9,-0.7333094142638038
-11.725090264114607,-7.764829519249877e-9,-0.9689105543885508,-11.725090264114607,-5.838196229576948e-9,-0.7285014991513958
-11.625090264114606,-7.758718410101822e-9,-0.9681479982837592,-11.625090264114606,-5.799367327593109e-9,-0.7236563531177075
-11.525090264114606,-7.75260428609783e-9,-0.9673850659793701,-11.525090264114606,-5.760240278690632e-9,-0.7187740037306793
-11.425090264114607,-7.746474904824423e-9,-0.9666202298431803,-11.425090264114607,-5.720814780611193e-9,-0.7138544132739292
-11.325090264114607,-7.740306557252726e-9,-0.9658505314163781,-11.325090264114607,-5.681090007909241e-9,-0.7088974787467529
-11.225090264114607,-7.734094025092393e-9,-0.9650753195505283,-11.225090264114607,-5.641064611951987e-9,-0.7039030318641237
-11.125090264114606,-7.727832930867313e-9,-0.9642940480156333,-11.125090264114606,-5.600744373683689e-9,-0.6988717939835284
-11.025090264114606,-7.721518989690883e-9,-0.9635061821351957,-11.025090264114606,-5.560140651814582e-9,-0.6938051824669583
-10.925090264114607,-7.715148009266023e-9,-0.9627111987862187,-10.925090264114607,-5.519250080349671e-9,-0.6887027772990005
-10.825090264114607,-7.70871588988517e-9,-0.9619085863992054,-10.825090264114607,-5.478067800171752e-9,-0.6835639721495441
-10.725090264114607,-7.702218624430283e-9,-0.9610978449581605,-10.725090264114607,-5.43658774987447e-9,-0.6783880106644957
-10.625090264114606,-7.695652298372831e-9,-0.9602784860005881,-10.625090264114606,-5.394802665762318e-9,-0.6731739864657792
-10.525090264114606,-7.689013089773812e-9,-0.9594500326174932,-10.525090264114606,-5.352704081850642e-9,-0.6679208431513365
-10.425090264114607,-7.682297269283736e-9,-0.9586120194533816,-10.425090264114607,-5.310282329865632e-9,-0.6626273742951264
-10.325090264114607,-7.675501200142628e-9,-0.9577639927062586,-10.325090264114607,-5.267526539244331e-9,-0.6572922234471259
-10.225090264114606,-7.668621338180037e-9,-0.9569055101276308,-10.225090264114606,-5.224424637134628e-9,-0.6519138841333288
-10.125090264114606,-7.661654231815027e-9,-0.956036141022505,-10.125090264114606,-5.180963348395265e-9,-0.6464906998557473
-10.025090264114606,-7.654598306923357e-9,-0.9551556889685914,-10.025090264114606,-5.1371281955958285e-9,-0.6410208640924101
-9.925090264114607,-7.64745643469149e-9,-0.9542645122381307,-9.925090264114607,-5.092903499016756e-9,-0.6355024202973641
-9.825090264114607,-7.640225739198165e-9,-0.953362251968065,-9.825090264114607,-5.0482723766493364e-9,-0.6299332619006738
-9.725090264114606,-7.632902670522582e-9,-0.9524484651923611,-9.725090264114606,-5.003215713061389e-9,-0.624311003641472
-9.625090264114606,-7.62548352777268e-9,-0.9515226901064983,-9.625090264114606,-4.957709406165255e-9,-0.6186326380143063
-9.525090264114606,-7.617964459085128e-9,-0.9505844460674655,-9.525090264114606,-4.9117325056721035e-9,-0.6128955508013227
-9.425090264114607,-7.610341461625334e-9,-0.9496332335937645,-9.425090264114607,-4.865263657642967e-9,-0.607097077416416
-9.325090264114607,-7.602610381587438e-9,-0.9486685343654079,-9.325090264114607,-4.8182804884882835e-9,-0.6012344260394941
-9.225090264114606,-7.594766914194311e-9,-0.9476898112239195,-9.225090264114606,-4.7707596049679025e-9,-0.5953046776164772
-9.125090264114606,-7.586806603697565e-9,-0.9466965081723345,-9.125090264114606,-4.722676594191088e-9,-0.5893047858593
-9.025090264114606,-7.578724843377541e-9,-0.9456880503751998,-9.025090264114606,-4.674006023616513e-9,-0.5832315772459093
-8.925090264114607,-7.57051687554332e-9,-0.9446638441585736,-8.925090264114607,-4.624721441052262e-9,-0.5770817510202655
-8.825090264114607,-7.562177791532713e-9,-0.9436232770100252,-8.825090264114607,-4.574795374655831e-9,-0.5708518791923417
-8.725090264114606,-7.553702531712264e-9,-0.9425657175786353,-8.725090264114606,-4.524199332934127e-9,-0.5645384065381245
-8.625090264114606,-7.545085885477256e-9,-0.9414905156749961,-8.625090264114606,-4.472903804743469e-9,-0.5581376505996135
-8.525090264114606,-7.53631863592113e-9,-0.9403965211955512,-8.525090264114606,-4.420878259289587e-9,-0.5516458016848215
-8.425090264114607,-7.527388733616891e-9,-0.9392822305893267,-8.425090264114607,-4.368091146127622e-9,-0.5450589228677741
-8.325090264114607,-7.518290726184875e-9,-0.9381469634977657,-8.325090264114607,-4.314509895162127e-9,-0.5383729499885106
-8.225090264114606,-7.509019403038035e-9,-0.9369900697336656,-8.225090264114606,-4.260096749872958e-9,-0.5315831717148922
-8.125090264114606,-7.499569681921286e-9,-0.9358109151233359,-8.125090264114606,-4.204802259322001e-9,-0.5246834174625238
-8.025090264114606,-7.489936608911496e-9,-0.9346088815065975,-8.025090264114606,-4.148589967872548e-9,-0.5176691382260361
-7.925090264114607,-7.48011535841749e-9,-0.9333833667367827,-7.925090264114607,-4.091424263929544e-9,-0.5105358903212222
-7.825090264114607,-7.470101233180055e-9,-0.9321337846807356,-7.825090264114607,-4.033269046905115e-9,-0.5032791690463976
-7.7250902641146055,-7.45988966427193e-9,-0.9308595652188119,-7.7250902641146055,-3.974087727218554e-9,-0.49589440868240037
-7.625090264114606,-7.449476211097815e-9,-0.9295601542448789,-7.625090264114606,-3.913843226296331e-9,-0.48837698249259126
-7.525090264114606,-7.438856561394362e-9,-0.9282350136663156,-7.525090264114606,-3.852497976572088e-9,-0.4807222027228529
-7.425090264114607,-7.4280265312301814e-9,-0.9268836214040119,-7.425090264114607,-3.790013921486638e-9,-0.47292532060159076
-7.325090264114607,-7.416982065005843e-9,-0.9255054713923704,-7.325090264114607,-3.726352515487969e-9,-0.46498152633973244
-7.2250902641146055,-7.40571923545387e-9,-0.9241000735793041,-7.2250902641146055,-3.6614747240312404e-9,-0.4568859491307281
-7.125090264114606,-7.394234243638747e-9,-0.9226669539262388,-7.125090264114606,-3.5953410235787883e-9,-0.44863365715055054
-7.025090264114606,-7.382526695223731e-9,-0.9212060632270673,-7.025090264114606,-3.5279114016001185e-9,-0.4402196575576947
-6.925090264114607,-7.3706139058820884e-9,-0.9197195621652333,-6.925090264114607,-3.459145356571911e-9,-0.4316388964931781
-6.825090264114607,-7.3584956010841745e-9,-0.9182074164843929,-6.825090264114607,-3.3890018979780173e-9,-0.42288625908054045
-6.7250902641146055,-7.346167237646316e-9,-0.9166690592772364,-6.7250902641146055,-3.3174388003695435e-9,-0.4139564763460076
-6.625090264114606,-7.3336237124314084e-9,-0.9151038537643745,-6.625090264114606,-3.2443774657456625e-9,-0.4048397406779165
-6.525090264114606,-7.320859362348919e-9,-0.9135110932943379,-6.525090264114606,-3.169755853382154e-9,-0.3955283105138349
-6.425090264114607,-7.307867964354882e-9,-0.9118900013435772,-6.425090264114607,-3.093533141390289e-9,-0.3860170920189604
-6.325090264114607,-7.294642735451903e-9,-0.9102397315164634,-6.325090264114607,-3.0156694251253352e-9,-0.3763011058139835
-6.2250902641146055,-7.281176332689158e-9,-0.9085593675452875,-6.2250902641146055,-2.936125717186556e-9,-0.36637548697508737
-6.125090264114606,-7.267460853162393e-9,-0.9068479232902608,-6.125090264114606,-2.854863947417216e-9,-0.35623548503394853
-6.025090264114606,-7.25348783401392e-9,-0.905104342739514,-6.025090264114606,-2.7718469629045713e-9,-0.3458764639777357
-5.925090264114607,-7.2392482524326266e-9,-0.9033275000090988,-5.925090264114607,-2.6870385279798737e-9,-0.3352939022491104
-5.825090264114607,-7.224732525653965e-9,-0.9015161993429865,-5.825090264114607,-2.600403324218375e-9,-0.3244833927462272
-5.7250902641146055,-7.20993051095996e-9,-0.8996691751130687,-5.7250902641146055,-2.5119069504393186e-9,-0.313440642822733
-5.625090264114606,-7.1948315056792055e-9,-0.8977850918191569,-5.625090264114606,-2.42151592270595e-9,-0.3021614742877682
-5.525090264114606,-7.179424247186865e-9,-0.895862544088983,-5.525090264114606,-2.3291976743255077e-9,-0.2906418234059655
-5.425090264114607,-7.163707635645504e-9,-0.8939013946826891,-5.425090264114607,-2.234920555849225e-9,-0.2788777408974503
-5.325090264114607,-7.147706826437315e-9,-0.8919047825378716,-5.325090264114607,-2.1386538350723354e-9,-0.2668653919378411
-5.2250902641146055,-7.131410931697127e-9,-0.8898713490455034,-5.2250902641146055,-2.0403676970340634e-9,-0.2546010561582487
-5.125090264114606,-7.114804001446322e-9,-0.8877991039361793,-5.125090264114606,-1.9400271391387e-9,-0.24208036586659043
-5.025090264114606,-7.097868314955248e-9,-0.8856858359827314,-5.025090264114606,-1.8374521437701287e-9,-0.2292808581140279
-4.925090264114607,-7.0805843807432326e-9,-0.8835291130002291,-4.925090264114607,-1.7325530062289927e-9,-0.21619133937341792
-4.825090264114607,-7.062930936578573e-9,-0.8813262818459786,-4.825090264114607,-1.6253119921499934e-9,-0.2028095967161095
-4.7250902641146055,-7.04488494947854e-9,-0.8790744684195234,-4.7250902641146055,-1.5157174806291566e-9,-0.18913418006306565
-4.625090264114606,-7.026421615709375e-9,-0.8767705776626443,-4.625090264114606,-1.4037639642238392e-9,-0.175164402184864
-4.525090264114606,-7.007514360786297e-9,-0.8744112935593592,-4.525090264114606,-1.2894520489527165e-9,-0.1609003387016956
-4.425090264114607,-6.988134839473493e-9,-0.8719930791359229,-4.425090264114607,-1.1727884542957956e-9,-0.14634282808336607
-4.325090264114607,-6.968252935784125e-9,-0.8695121764608277,-4.325090264114607,-1.0537860131944062e-9,-0.13149347164929504
-4.2250902641146055,-6.947836762980325e-9,-0.8669646066448025,-4.2250902641146055,-9.324636720512037e-10,-0.116354633568516
-4.125090264114606,-6.926852663573202e-9,-0.864346169840814,-4.125090264114606,-8.088464907301756e-10,-0.10092944085967746
-4.025090264114606,-6.905265209322835e-9,-0.8616524452440658,-4.025090264114606,-6.829656425566279e-10,-0.08522178339104114
-3.9250902641146066,-6.883037201238276e-9,-0.8588787910919984,-3.9250902641146066,-5.54858414317195e-10,-0.06923631388048317
-3.825090264114607,-6.860129983436212e-9,-0.8560203838281849,-3.825090264114607,-4.245682062598388e-10,-0.052978447895493955
-3.7250902641146055,-6.8365052632776084e-9,-0.8530724452225272,-3.7250902641146055,-2.921445320938432e-10,-0.036454363853177636
-3.6250902641146077,-6.8121209890989496e-9,-0.8500297279865293,-3.6250902641146077,-1.5764301898982837e-10,-0.019671003020253704
-3.5250902641146062,-6.786932741815322e-9,-0.8468866894202411,-3.5250902641146062,-2.112540757972144e-11,-0.002636069513053439
-3.425090264114605,-6.760894257508654e-9,-0.8436375566218369,-3.425090264114605,1.1744743010014306e-10,0.014655319131956095
-3.325090264114607,-6.7339574274277215e-9,-0.8402763264876166,-3.325090264114607,2.581231864800302e-10,0.03220911406913492
-3.2250902641146055,-6.706072297988143e-9,-0.8367967657120043,-3.2250902641146055,4.0081479210586145e-10,0.050014450602379606
-3.1250902641146077,-6.677187070772385e-9,-0.8331924107875496,-3.1250902641146077,5.454237350809146e-10,0.06805903622530217
-3.0250902641146062,-6.6472481025297545e-9,-0.8294565680049265,-3.0250902641146062,6.918402238058152e-10,0.08632917092824324
-2.925090264114605,-6.616199905176405e-9,-0.8255823134529341,-2.925090264114605,8.399431869785132e-10,0.10480974719826915
-2.825090264114607,-6.583985145795336e-9,-0.8215624930184965,-2.825090264114607,9.896002735942902e-10,0.1234842500191728
-2.7250902641146055,-6.5505446466363915e-9,-0.8173897223866626,-2.7250902641146055,1.140667852945777e-9,0.14233475687147595
-2.6250902641146077,-6.5158173851162604e-9,-0.8130563870406063,-2.6250902641146077,1.292991014622919e-9,0.16134193773242475
-2.5250902641146062,-6.479740493818473e-9,-0.8085546422616261,-2.5250902641146062,1.4464035685130166e-9,0.1804850550759949
-2.425090264114605,-6.442249260493408e-9,-0.8038764131291456,-2.425090264114605,1.6007280448006859e-9,0.19974196387288676
-2.325090264114607,-6.403277128058289e-9,-0.7990133945207135,-2.325090264114607,1.755775693967878e-9,0.2190891115905276
-2.2250902641146055,-6.362755694597182e-9,-0.793957051112003,-2.2250902641146055,1.9113464867938962e-9,0.238501538193074
-2.1250902641146077,-6.320583232115943e-9,-0.7886946890857244,-2.1250902641146077,2.0672291143553513e-9,0.25795287614140594
-2.0250902641146062,-6.276653110275292e-9,-0.7832130029004115,-2.0250902641146062,2.223200988026216e-9,0.277415350393134
-1.9250902641146048,-6.230893449303411e-9,-0.777503023258105,-1.9250902641146048,2.3790282394777734e-9,0.29685977840259253
-1.825090264114607,-6.18323201660448e-9,-0.7715557368347792,-1.825090264114607,2.5343293828352133e-9,0.3162385576191347
-1.7250902641146055,-6.13359619980545e-9,-0.7653620829170661,-1.7250902641146055,2.6878752982153845e-9,0.33539831606924314
-1.6250902641146077,-6.0819130067560744e-9,-0.7589129534022588,-1.6250902641146077,2.8392319093860475e-9,0.3542848888750176
-1.5250902641146062,-6.028109065528882e-9,-0.7521991927983088,-1.5250902641146062,2.988174921795668e-9,0.3728702881253604
-1.4250902641146048,-5.972110624419193e-9,-0.7452115982238274,-1.4250902641146048,3.13449731617095e-9,0.39112868155204705
-1.325090264114607,-5.913843551945117e-9,-0.7379409194080858,-1.325090264114607,3.2780093485168595e-9,0.4090363925297294
-1.2250902641146055,-5.85323333684754e-9,-0.7303778586910135,-1.2250902641146055,3.418538550116639e-9,0.42657190007593715
-1.1250902641146077,-5.790205088090144e-9,-0.7225130710232003,-1.1250902641146077,3.5559297275317733e-9,0.44371583885107374
-1.0250902641146062,-5.724683534859388e-9,-0.7143371639658946,-1.0250902641146062,3.6900449626020252e-9,0.46045099915842097
-0.9250902641146048,-5.656593026564529e-9,-0.7058406976910055,-0.9250902641146048,3.820763612445401e-9,0.47676232694413434
-0.825090264114607,-5.585857532837604e-9,-0.6970141849811008,-0.825090264114607,3.947982309458172e-9,0.4926369237972461
-0.7250902641146055,-5.512400643533431e-9,-0.6878480912294068,-0.7250902641146055,4.071614961314879e-9,0.5080640469496654
-0.6250902641146041,-5.436145568729622e-9,-0.6783328344398107,-0.6250902641146041,4.191592750968317e-9,0.5230351092761768
-0.5250902641146062,-5.356966892084145e-9,-0.6684527649168249,-0.5250902641146062,4.307864136649534e-9,0.5375436792944399
-0.4250902641146048,-5.2742410774371025e-9,-0.6581300766036817,-0.4250902641146048,4.4203948518678526e-9,0.551585481164992
-0.32509026411460695,-5.18774957901155e-9,-0.6473374989325761,-0.32509026411460695,4.529167905410843e-9,0.565158394691245
-0.22509026411460553,-5.09744415749634e-9,-0.636069012508286,-0.22509026411460553,4.634183581344349e-9,0.578262455319488
-0.1250902641146041,-5.003292482688923e-9,-0.6243205831051536,-0.1250902641146041,4.735701495626049e-9,0.5909300584346886
-0.025090264114606242,-4.9052781334953406e-9,-0.6120901616670844,-0.025090264114606242,4.834206634492987e-9,0.6032217215643262
0.07490973588539518,-4.803400597930213e-9,-0.599377684307545,0.07490973588539518,4.929741441347647e-9,0.6151427408788487
0.17490973588539305,-4.697675273116763e-9,-0.5861850723095671,0.17490973588539305,5.022339597953015e-9,0.6266973192542581
0.27490973588539447,-4.588133465286786e-9,-0.5725162321257429,0.27490973588539447,5.112036685230021e-9,0.6378898965471845
0.3749097358853959,-4.474822389780684e-9,-0.5583770553782298,0.3749097358853959,5.198870183257498e-9,0.6487251495948816
0.47490973588539376,-4.357805171047439e-9,-0.5437754188587473,0.47490973588539376,5.2828794712722155e-9,0.6592079922152294
0.5749097358853952,-4.237160842644615e-9,-0.5287211845285766,0.5749097358853952,5.3641058276688704e-9,0.6693435752067344
0.674909735885393,-4.112984347238383e-9,-0.5132261995185641,0.674909735885393,5.442592430000068e-9,0.6791372863485265
0.7749097358853945,-3.985386536603483e-9,-0.49730429612911664,0.7749097358853945,5.518384354976354e-9,0.6885947504003637
0.8749097358853959,-3.854494171623258e-9,-0.48097129183020576,0.8749097358853959,5.59152857846619e-9,0.6977218291026277
0.9749097358853938,-3.720449922289641e-9,-0.464244989261366,0.9749097358853938,5.662073975495957e-9,0.7065246211763261
1.0749097358853952,-3.583412367703138e-9,-0.4471451762316928,1.0749097358853952,5.730071320249971e-9,0.7150094623230928
1.174909735885393,-3.4437636860769762e-9,-0.42971954168316945,1.174909735885393,5.795573286070463e-9,0.7231829252251868
1.2749097358853945,-3.3022744210178737e-9,-0.4120642355481692,1.2749097358853945,5.858634445457593e-9,0.7310518195454927
1.374909735885396,-3.1591640154840904e-9,-0.3942066403465293,1.374909735885396,5.919311270069441e-9,0.7386231919275206
1.4749097358853938,-3.014614426839866e-9,-0.3761694610726381,1.4749097358853938,5.977663679083734e-9,0.7459045192029979
1.5749097358853952,-2.8688054890772566e-9,-0.35797513776236617,1.5749097358853952,6.0338121471921835e-9,0.7529108344386582
1.674909735885393,-2.7219149128161702e-9,-0.33964584549307086,1.674909735885393,6.087848449428551e-9,0.7596535895020049
1.7749097358853945,-2.5741182853043254e-9,-0.321203494383591,1.7749097358853945,6.139833178876226e-9,0.7661403453160273
1.874909735885396,-2.4255890704172877e-9,-0.3026697295942517,1.874909735885396,6.189826801231319e-9,0.7723786469080813
1.9749097358853938,-2.2764986086584545e-9,-0.28406593132686214,1.9749097358853938,6.237889654802651e-9,0.7783760234098893
2.074909735885395,-2.12701611715904e-9,-0.26541321482471397,2.074909735885395,6.2840819505117716e-9,0.7841399880575417
2.174909735885393,-1.977308689678108e-9,-0.2467324303725852,2.174909735885393,6.328463771892935e-9,0.7896780381914938
2.2749097358853945,-1.8275412966025356e-9,-0.22804416329673582,2.2749097358853945,6.3710950750931295e-9,0.7949976552565697
2.374909735885396,-1.677876784947045e-9,-0.20936873396491168,2.374909735885396,6.412035688872046e-9,0.8001063048019585
2.4749097358853938,-1.5284758783541924e-9,-0.19072619778634312,2.4749097358853938,6.451345314602104e-9,0.8050114364812174
2.574909735885395,-1.3794971770943472e-9,-0.17213634521174243,2.574909735885395,6.489083526268437e-9,0.8097204840522697
2.674909735885393,-1.2310971580657312e-9,-0.1536187017333086,2.674909735885393,6.525309770468896e-9,0.8142408653774057
2.7749097358853945,-1.0834332330503346e-9,-0.13519290949985865,2.7749097358853945,6.560083366414052e-9,0.8185799824232826
2.874909735885396,-9.368754184422862e-10,-0.11690513987789576,2.874909735885396,6.593463505927193e-9,0.822745221260924
2.9749097358853938,-7.91702554493717e-10,-0.09879018709730075,2.9749097358853938,6.625509253444322e-9,0.8267439520657205
3.074909735885395,-6.480493280781217e-10,-0.08086485764853718,3.074909735885395,6.656279546014169e-9,0.8305835291174299
3.174909735885393,-5.060404465738773e-10,-0.06314471276122642,3.174909735885393,6.6858502588252045e-9,0.8342734202698854
3.2749097358853945,-3.65790637864199e-10,-0.045644068404142035,3.2749097358853945,6.714341386213345e-9,0.8378285986500883
3.374909735885396,-2.2740465033718233e-10,-0.028375995285215144,3.374909735885396,6.741814843733035e-9,0.8412567902015422
3.4749097358853938,-9.097725288578038e-11,-0.011352318851531526,3.4749097358853938,6.768324919026287e-9,0.8445647690419777
3.574909735885395,4.340676509220373e-11,0.0054163807106693135,3.574909735885395,6.793923894518919e-9,0.8477590590743417
3.674909735885393,1.7567259369408872e-10,0.021920768475990622,3.674909735885393,6.818662047420545e-9,0.8508459339867968
3.7749097358853945,3.0575540251235325e-10,0.03815275477988317,3.7749097358853945,6.842587649724578e-9,0.8538314172527217
3.874909735885396,4.336003406345927e-10,0.05410549521863984,3.874909735885396,6.865746968208236e-9,0.8567212821307119
3.9749097358853938,5.591625366435511e-10,0.06977339064939961,3.9749097358853938,6.888184264432533e-9,0.8595210516645785
4.074909735885395,6.82407098617117e-10,0.08515208719014707,4.074909735885395,6.909941794742284e-9,0.8622359986833487
4.174909735885393,8.033091141283045e-10,0.10023847621971002,4.174909735885393,6.931059810266104e-9,0.864871145801266
4.2749097358853945,9.218536502452826e-10,0.11503069437776313,4.2749097358853945,6.95157655691641e-9,0.8674312654177901
4.374909735885396,1.0380357535313471e-9,0.12952812356482446,4.374909735885396,6.971528275389416e-9,0.8699208797175967
4.474909735885394,1.151960695787328e-9,0.14374389980128582,4.474909735885394,6.990949201165139e-9,0.8723442606705777
4.574909735885395,1.2638953433295226e-9,0.1577113231859878,4.574909735885395,7.009871564507395e-9,0.8747054300318411
4.674909735885393,1.3738660952210415e-9,0.17143368784545435,4.674909735885393,7.028325590463799e-9,0.8770081593417112
4.7749097358853945,1.481888354386103e-9,0.18491291578657656,4.7749097358853945,7.046337832605505e-9,0.8792557620065262
4.874909735885396,1.587979130076922e-9,0.19815112945698218,4.874909735885396,7.0639076659523675e-9,0.8814481600400464
4.974909735885394,1.692157037873708e-9,0.21115065174503553,4.974909735885394,7.081050650546143e-9,0.8835872950545952
5.074909735885395,1.7944422996846882e-9,0.2239140059798403,5.074909735885395,7.09779064987123e-9,0.8856761447822452
5.174909735885393,1.8948567437460704e-9,0.23644391593123493,5.174909735885393,7.114150394886821e-9,0.8877175456363676
5.2749097358853945,1.993423804622082e-9,0.2487433058097976,5.2749097358853945,7.130151484026896e-9,0.8897141927116312
5.374909735885396,2.0901685232049386e-9,0.2608153002668421,5.374909735885396,7.145814383200227e-9,0.891668639784003
5.474909735885394,2.1851175467148556e-9,0.27266322439441937,5.474909735885394,7.161158425790375e-9,0.893583299310748
5.574909735885395,2.2782991287000624e-9,0.2842906037253195,5.574909735885395,7.176201812655691e-9,0.8954604424304289
5.674909735885393,2.3697431290367732e-9,0.2957011642330676,5.674909735885393,7.190961612129324e-9,0.8973021989629074
5.7749097358853945,2.459481013929218e-9,0.30689883233192805,5.7749097358853945,7.205453760019207e-9,0.899110557409343
5.874909735885396,2.5475458559096172e-9,0.31788773487690136,5.874909735885396,7.219693059608063e-9,0.9008873649521923
5.974909735885394,2.633972333838191e-9,0.328672199163725,5.974909735885394,7.233693181653404e-9,0.9026343274552107
6.074909735885395,2.718818632042575e-9,0.3392594855461526,6.074909735885395,7.247466664387543e-9,0.904353009463452
6.174909735885393,2.8022001716770295e-9,0.3496639965006693,6.174909735885393,7.261024913517573e-9,0.9060448342032673
6.2749097358853945,2.884160197328955e-9,0.35989112817113755,6.2749097358853945,7.274378202225382e-9,0.9077110835823063
6.374909735885396,2.9647340198219432e-9,0.3699452867109155,6.374909735885396,7.287534538827893e-9,0.9093527568939559
6.474909735885394,3.043956007276906e-9,0.3798307606410844,6.474909735885394,7.300480777116394e-9,0.9109682137286823
6.574909735885395,3.1218595851120812e-9,0.3895517208504495,6.574909735885395,7.3132164092827e-9,0.9125573907211909
6.674909735885393,3.1984772360430165e-9,0.3991122205955376,6.674909735885393,7.3257485774812244e-9,0.9141211790834236
6.7749097358853945,3.2738405000825837e-9,0.4085161955005992,6.7749097358853945,7.338084022367588e-9,0.9156604199275201
6.874909735885396,3.3479799745409725e-9,0.41776746355760774,6.874909735885396,7.350229083098611e-9,0.9171759042658183
6.974909735885394,3.4209253140256842e-9,0.4268697251262585,6.974909735885394,7.362189697332322e-9,0.9186683730108541
7.074909735885395,3.4927052304415503e-9,0.43582656293397115,7.074909735885395,7.373971401227962e-9,0.9201385169753632
7.174909735885393,3.5633474929907115e-9,0.4446414420758872,7.174909735885393,7.385579329445966e-9,0.9215869768722773
7.2749097358853945,3.6328789281726343e-9,0.4533177100148717,7.2749097358853945,7.3970182151479815e-9,0.9230143433147279
7.374909735885396,3.7013254197840975e-9,0.46185859658151207,7.374909735885396,7.408292389996867e-9,0.924421156816045
7.474909735885394,3.768711908919198e-9,0.47026721397411847,7.474909735885394,7.419405784156671e-9,0.9258079077897554
7.574909735885395,3.83506239396936e-9,0.4785465567587251,7.574909735885395,7.4303619262926634e-9,0.9271750365495854
7.674909735885393,3.9003958169937985e-9,0.4866989885623825,7.674909735885393,7.44116394357131e-9,0.9285229333094591
7.7749097358853945,3.964729255305593e-9,0.4947266403254857,7.7749097358853945,7.451814561660286e-9,0.9298519381834989
7.874909735885396,4.028084240362532e-9,0.502632198785284,7.874909735885396,7.46231610472848e-9,0.9311623411860261
7.974909735885394,4.090481611917459e-9,0.5104182643667359,7.974909735885394,7.472666251784117e-9,0.9324538526991661
8.074909735885395,4.151941501638082e-9,0.5180873491385573,8.074909735885395,7.482853196420562e-9,0.9337249994964983
8.174909735885393,4.212483333106948e-9,0.5256418768132181,8.174909735885393,7.492877699645587e-9,0.9349758765380545
8.274909735885394,4.27212582182146e-9,0.5330841827469449,8.274909735885394,7.502741605252215e-9,0.9362067138959207
8.374909735885396,4.330886975193871e-9,0.5404165139397197,8.374909735885396,7.512446834794447e-9,0.9374177513453483
8.474909735885394,4.388784092551289e-9,0.5476410290352802,8.474909735885394,7.521995387587253e-9,0.9386092383647542
8.574909735885395,4.445833765135673e-9,0.5547597983211202,8.574909735885395,7.531389340706585e-9,0.9397814341357222
8.674909735885393,4.502051876103824e-9,0.5617748037284882,8.674909735885393,7.54063084898937e-9,0.9409346075430021
8.774909735885394,4.557453600527412e-9,0.5686879388323901,8.774909735885394,7.549722145033503e-9,0.9420690371745082
8.874909735885396,4.612053405392942e-9,0.575501008851586,8.874909735885396,7.55866553919786e-9,0.9431850113213223
8.974909735885394,4.665865049601779e-9,0.582215730648592,8.974909735885394,7.56746341960229e-9,0.9442828279776916
9.074909735885395,4.718901583970139e-9,0.5888337327296808,9.074909735885395,7.576118252127623e-9,0.9453627948410298
9.174909735885393,4.771163548520763e-9,0.5953550824799418,9.174909735885393,7.584632580415655e-9,0.9464252293119156
9.274909735885394,4.822633993706707e-9,0.6017776649018874,9.274909735885394,7.593009025869162e-9,0.9474704584940945
9.374909735885396,4.873324161451494e-9,0.6081028827846356,9.374909735885396,7.601250287651894e-9,0.9484988191944771
9.474909735885394,4.923247077737902e-9,0.6143323615356938,9.474909735885394,7.609360301730245e-9,0.9495108025506181
9.574909735885395,4.9724162063469354e-9,0.6204677811918852,9.574909735885395,7.617346624500268e-9,0.9505073514643383
9.674909735885393,5.0208454488578095e-9,0.6265108764193463,9.674909735885393,7.625212470754039e-9,0.9514888670836551
9.774909735885394,5.068549144647962e-9,0.6324634365135292,9.774909735885394,7.63296044049554e-9,0.9524556738421309
9.874909735885396,5.1155420708930476e-9,0.6383273053991998,9.874909735885396,7.64059303388133e-9,0.9534080837141719
9.974909735885394,5.161839442566937e-9,0.6441043816304387,9.974909735885394,7.648112651220538e-9,0.954346396215027
10.074909735885395,5.207456912441723e-9,0.6497966183906415,10.074909735885395,7.655521592974861e-9,0.9552708984007888
10.174909735885393,5.252410571087707e-9,0.6554060234925171,10.174909735885393,7.662822059758581e-9,0.9561818648683941
10.274909735885394,5.296716946873422e-9,0.6609346593780905,10.274909735885394,7.67001615233853e-9,0.9570795577556211
10.374909735885396,5.340393005965609e-9,0.6663846431187002,10.374909735885396,7.67710587163413e-9,0.9579642267410933
10.474909735885394,5.383456152329228e-9,0.6717581464149992,10.474909735885394,7.684093118717363e-9,0.958836109044276
10.574909735885395,5.425924640267273e-9,0.6770574470744771,10.574909735885395,7.690979694812788e-9,0.9596954294254788
10.674909735885393,5.4678366860415155e-9,0.6822873137967285,10.674909735885393,7.697767301297534e-9,0.9605424001858547
10.774909735885394,5.509221263756225e-9,0.6874513620269295,10.774909735885394,7.704457539701299e-9,0.9613772211673988
10.874909735885396,5.5500957545292514e-9,0.6925517606148265,10.874909735885396,7.711051679891384e-9,0.9622000508266271
10.974909735885394,5.5904770417933035e-9,0.6975906163080441,10.974909735885394,7.717539100808722e-9,0.963009563847098
11.074909735885395,5.630381511295954e-9,0.7025699737520861,11.074909735885395,7.723914789105493e-9,0.9638051346535039
11.174909735885393,5.66982505109963e-9,0.7074918154903344,11.174909735885393,7.730181047667587e-9,0.9645870506044322
11.274909735885394,5.708823051581616e-9,0.7123580619640492,11.274909735885394,7.736340659810406e-9,0.9653556590074013
11.374909735885396,5.747390405434062e-9,0.7171705715123698,11.374909735885396,7.742396889278894e-9,0.9661113671188631
11.474909735885394,5.785541507663968e-9,0.7219311403723137,11.474909735885394,7.748353480247505e-9,0.9668546421442009
11.574909735885395,5.823290255593203e-9,0.7266415026787769,11.574909735885395,7.75421465732024e-9,0.9675860112377314
11.674909735885393,5.860650048858483e-9,0.7313033304645338,11.674909735885393,7.759985125530612e-9,0.9683060615027027
11.774909735885394,5.897633789411395e-9,0.735918233660238,11.774909735885394,7.765670070341675e-9,0.9690154399912966
11.874909735885396,5.934253881518374e-9,0.7404877600944205,11.874909735885396,7.771275157645994e-9,0.9697148537046255
11.974909735885394,5.970522218319138e-9,0.7450133938162248,11.974909735885394,7.776806533765675e-9,0.9704050695927355
12.074909735885395,6.006449969626671e-9,0.7494965286166755,12.074909735885395,7.78227082545235e-9,0.971086914554605
12.174909735885393,6.042047969196145e-9,0.7539385163528485,12.174909735885393,7.787675139887171e-9,0.9717612754381443
12.274909735885394,6.077326653798261e-9,0.7583406593453242,12.274909735885394,7.793032187123193e-9,0.9724297382285343
12.374909735885396,6.1122959738841086e-9,0.7627041992307747,12.374909735885396,7.798389962658637e-9,0.9730982918975449
12.474909735885397,6.146965393585178e-9,0.7670303169619644,12.474909735885397,7.803763467536932e-9,0.9737688083045993
12.574909735885392,6.181343890713341e-9,0.771320132807749,12.574909735885392,7.809157672733997e-9,0.9744419077377572
12.674909735885393,6.2154399567608765e-9,0.7755747063530775,12.674909735885393,7.814576190808058e-9,0.9751180409790713
12.774909735885394,6.249261596900439e-9,0.779795036498989,12.774909735885394,7.820021275899648e-9,0.9757974893045892
12.874909735885396,6.282816329985087e-9,0.7839820614626158,12.874909735885396,7.825493823731617e-9,0.9764803644843527
12.974909735885397,6.316111188548269e-9,0.7881366587771822,12.974909735885397,7.83099337160911e-9,0.9771666087823967
13.074909735885392,6.349152718803821e-9,0.7922596452920033,13.074909735885392,7.836518098419597e-9,0.9778559949567516
13.174909735885393,6.38194698064598e-9,0.7963517771724878,13.174909735885393,7.842064824632844e-9,0.9785481262594409
13.274909735885394,6.414499595925477e-9,0.800413755924122,13.274909735885394,7.847629012300931e-9,0.9792424364364825
13.374909735885396,6.446817317051107e-9,0.8044464241256299,13.374909735885396,7.853204765058245e-9,0.9799381897278882
13.474909735885397,6.47890548185404e-9,0.8084504478419837,13.474909735885397,7.858784828121486e-9,0.9806344808676647
13.574909735885392,6.510768013549989e-9,0.8124263166196833,13.574909735885392,7.864351783330922e-9,0.9813291363839074
13.674909735885393,6.542408252800267e-9,0.816374447312955,13.674909735885393,7.869849447248277e-9,0.982015145597735
13.774909735885394,6.573828957711768e-9,0.8202951840837506,13.774909735885394,7.875262771458876e-9,0.9826906307386479
13.874909735885396,6.605032303836988e-9,0.8241887984017485,13.874909735885396,7.880584746124712e-9,0.9833547171054038
13.974909735885397,6.636019884174006e-9,0.8280554890443527,13.974909735885397,7.885809439730113e-9,0.9840066645519213
14.074909735885392,6.6667927091664974e-9,0.8318953820966932,14.074909735885392,7.890931999081772e-9,0.9846458674872853
14.174909735885393,6.697351206703734e-9,0.8357085309516272,14.174909735885393,7.895948649308728e-9,0.9852718548757428
14.274909735885394,6.727695222120572e-9,0.8394949163097366,14.274909735885394,7.900856693862363e-9,0.9858842902367042
14.374909735885396,6.757824018197465e-9,0.8432544461793302,14.374909735885396,7.905654514516416e-9,0.9864829716447444
14.474909735885397,6.787736275160458e-9,0.8469869558764428,14.474909735885397,7.910341571366972e-9,0.9870678317296006
14.574909735885392,6.817419329889363e-9,0.8506908652722678,14.574909735885392,7.91491840283247e-9,0.9876389376761748
14.674909735885393,6.84686030291612e-9,0.8543645672416897,14.674909735885393,7.919386625653699e-9,0.9881964912245321
14.774909735885394,6.876057874738838e-9,0.8580078971346919,14.774909735885394,7.92375567192625e-9,0.9887416693299358
14.874909735885396,6.905011107514643e-9,0.8616207379254136,14.874909735885396,7.928065017265128e-9,0.9892793978365299
14.974909735885397,6.933719444480614e-9,0.8652030201398929,14.974909735885397,7.932321996042288e-9,0.9898105919415355
15.074909735885392,6.962182709953776e-9,0.8687547218560658,15.074909735885392,7.936527330178823e-9,0.9903353417276728
15.174909735885393,6.990401109331114e-9,0.8722758687037683,15.174909735885393,7.940680607196596e-9,0.9908535957251164
15.274909735885394,7.0183752290895525e-9,0.8757665338647336,15.274909735885394,7.944780280218267e-9,0.9913651609114985
15.374909735885396,7.046106036785977e-9,0.8792268380725948,15.374909735885396,7.948823667967281e-9,0.9918697027119067
15.474909735885397,7.073594881057215e-9,0.8826569496128824,15.474909735885397,7.952806954767878e-9,0.9923667449988862
15.574909735885392,7.100843491620054e-9,0.8860570843230272,15.574909735885392,7.956725190545082e-9,0.9928556700924384
15.674909735885393,7.127865860572728e-9,0.8894289881643052,15.674909735885393,7.960572290824701e-9,0.9933357187600199
15.774909735885394,7.15469179164261e-9,0.8927763801038798,15.774909735885394,7.964341036733343e-9,0.9938059902165457
15.874909735885396,7.181321887871521e-9,0.8960993353904845,15.874909735885396,7.968017896547495e-9,0.9942647959471941
15.974909735885397,7.2077537020131715e-9,0.8993975486519593,15.974909735885397,7.97156361923531e-9,0.9947072381317443
16.07490973588539,7.233982977815722e-9,0.9026704887849083,16.07490973588539,7.97496559176174e-9,0.9951317428911118
16.174909735885393,7.260003650021784e-9,0.9059173989546984,16.174909735885393,7.978217312302098e-9,0.9955374989149453
16.274909735885394,7.285807844368421e-9,0.90913729659546,16.274909735885394,7.981313374457522e-9,0.9959238315822624
16.374909735885396,7.311385877587147e-9,0.9123289734100875,16.374909735885396,7.984249467254964e-9,0.9962902029614475
16.474909735885397,7.336726257403923e-9,0.9154909953702375,16.474909735885397,7.987022375147201e-9,0.9966362118102542
16.57490973588539,7.361815682539162e-9,0.9186217027163304,16.57490973588539,7.989629978012822e-9,0.9969615935758023
16.674909735885393,7.386624922126705e-9,0.921717447963941,16.674909735885393,7.992071251156243e-9,0.9972662203945807
16.774909735885394,7.41107208585857e-9,0.9247680126809056,16.774909735885394,7.994346265307696e-9,0.9975501010924455
16.874909735885396,7.4351380594563935e-9,0.9277710117503327,16.874909735885396,7.996456637249527e-9,0.9978134374146477
16.974909735885397,7.458816540626605e-9,0.9307256587597529,16.974909735885397,7.998406881584341e-9,0.9980567927020952
17.07490973588539,7.482105276539243e-9,0.9336316725966545,17.07490973588539,8.000200388953931e-9,0.9982805900456764
17.174909735885393,7.505006063827965e-9,0.9364892774484855,17.174909735885393,8.001841097962904e-9,0.9984853209121471
17.274909735885394,7.527524748590024e-9,0.9392992028026503,17.274909735885394,8.00333382962867e-9,0.998671586877452
17.374909735885396,7.5496712263863e-9,0.9420626834465133,17.374909735885396,8.004684287381447e-9,0.9988400996267247
17.474909735885397,7.571459442241265e-9,0.9447814594673952,17.474909735885397,8.005899057064249e-9,0.9989916809542863
17.57490973588539,7.592907390643013e-9,0.9474577762525759,17.57490973588539,8.006985606932892e-9,0.999127262763647
17.674909735885393,7.614037115543255e-9,0.9500943844892945,17.674909735885393,8.007952287656005e-9,0.9992478870675066
17.774909735885394,7.634874710357296e-9,0.9526945401647469,17.774909735885394,8.008819624736917e-9,0.9993561150781571
17.874909735885396,7.655450317964058e-9,0.9552620045660869,17.874909735885396,8.009629207015778e-9,0.9994571363320933
17.974909735885397,7.675798130706076e-9,0.957801044280428,17.974909735885397,8.010387596731255e-9,0.9995517696782399
18.07490973588539,7.695956390389492e-9,0.9603164311948408,18.07490973588539,8.011095794588345e-9,0.9996401399865162
18.174909735885393,7.715967388284063e-9,0.9628134424963547,18.174909735885393,8.011751478246109e-9,0.9997219574706958
18.274909735885394,7.735877465123147e-9,0.9652978606719568,18.274909735885394,8.01234900231767e-9,0.9997965176884059
18.374909735885396,7.75573701110372e-9,0.9677759735085927,18.374909735885396,8.012879398370226e-9,0.9998627015411296
18.474909735885397,7.775600465886368e-9,0.9702545740931664,18.474909735885397,8.013330369003254e-9,0.999918974535273
18.5749097358854,7.795526318595282e-9,0.9727409608125394,18.5749097358854,8.013679199387948e-9,0.9999625022702454
18.674909735885393,7.815577107818267e-9,0.9752429373535321,18.674909735885393,8.013901977226168e-9,0.999990300922901
18.774909735885394,7.835819421606739e-9,0.9777688127029228,18.774909735885394,8.0139797054332e-9,1.
18.874909735885396,7.856323897475726e-9,0.9803274011474488,18.874909735885396,8.013891746234834e-9,0.999989024279871
18.974909735885397,7.877165222403856e-9,0.9829280222738037,18.974909735885397,8.01361582116734e-9,0.9999545938124084
19.0749097358854,7.89842213283338e-9,0.9855805009686416,19.0749097358854,8.013128011077497e-9,0.9998937239190754
19.174909735885393,7.920177414670153e-9,0.9882951674185733,19.174909735885393,8.012402756122569e-9,0.9998032251929011
19.274909735885394,7.942517903283641e-9,0.9910828571101683,19.274909735885394,8.011412855770324e-9,0.9996797034984832
19.374909735885396,7.965534483506917e-9,0.993954910829954,19.374909735885396,8.010129468799019e-9,0.9995195599719862
19.474909735885397,7.98932208963667e-9,0.9969231746644165,19.474909735885397,8.00852211329742e-9,0.9993189910211427
19.5749097358854,8.0139797054332e-9,1.,19.5749097358854,8.00655866666477e-9,0.9990739883252513